GeneID	Chr	Start	End	Strand
ENSG00000221083	1	8511795	8511919	-
SNORA70	1	12221148	12221271	-
SNORA59A	1	12507246	12507397	+
ENSG00000238316	1	26642286	26642389	-
SNORA73A	1	28507366	28507571	+
SNORA73B	1	28508559	28508762	+
SNORD99	1	28578749	28578822	-
SNORA61	1	28579764	28579893	-
SNORA44	1	28580381	28580512	-
SNORA16A	1	28580920	28581054	-
SNORA16A	1	28580920	28581056	-
SNORA62	1	35310274	35310425	+
SNORA63C	1	36418450	36418578	-
SNORA63	1	37884237	37884317	+
SNORA55	1	39567374	39567508	-
SNORD55	1	44775864	44775943	+
SNORD46	1	44776490	44776593	+
SNORD38A	1	44777843	44777912	+
SNORD38B	1	44778390	44778456	+
SNORD38B	1	44778390	44778458	+
ENSG00000212624	1	51724775	51724896	-
ENSG00000201003	1	53771018	53771153	-
ENSG00000252433	1	67102645	67102779	-
SNORD45C	1	75787072	75787150	+
SNORD45A	1	75787889	75787972	+
SNORD45B	1	75789477	75789548	+
ENSG00000199959	1	84277321	84277457	+
SNORD81	1	85592280	85592356	+
SNORD3G	1	90657750	90657964	+
SNORD21	1	92837289	92837383	+
SNORA66	1	92840719	92840851	+
ENSG00000207022	1	92846059	92846182	+
ENSG00000200536	1	110272484	110272607	+
ENSG00000238761	1	112371004	112371107	+
ENSG00000207502	1	115621872	115622005	-
U3	1	116278606	116278821	+
ENSG00000212266	1	117688621	117688742	-
ENSG00000253047	1	150600539	150600659	-
ENSG00000252840	1	151527831	151527938	-
ENSG00000252920	1	153012482	153012614	-
SNORA58B	1	154259727	154259862	+
ENSG00000252682	1	154288460	154288527	+
SNORA80E	1	155919909	155920045	-
ENSG00000252236	1	156192063	156192203	-
ENSG00000212161	1	159851906	159851972	-
ENSG00000238934	1	161141208	161141336	-
U3	1	163923670	163923873	+
SNORA63	1	178753654	178753772	-
ENSG00000212338	1	179196473	179196579	+
ENSG00000201619	1	179201487	179201627	+
SCARNA18B	1	193057281	193057415	-
SNORA70H	1	201978461	201978595	+
SNORA70	1	202527310	202527427	-
SNORA77	1	203729581	203729705	+
SNORA72	1	205731221	205731352	-
ENSG00000252692	1	206080239	206080324	+
ENSG00000212187	1	212025561	212025682	+
SNORA16B	1	212352816	212352950	+
SNORD116	1	215630026	215630117	-
U3	1	218541690	218541899	-
U3	1	219962652	219962865	+
SNORA36B	1	220200546	220200676	-
SNORA72	1	224179641	224179767	+
ENSG00000206878	1	228652436	228652560	+
U8	1	234593275	234593402	+
SNORA14B	1	235127803	235127937	-
ENSG00000252290	1	237555040	237555171	-
ENSG00000252011	1	246833448	246833529	-
ENSG00000252238	2	4827001	4827084	-
ENSG00000212558	2	10090205	10090319	-
ENSG00000206647	2	10155072	10155206	-
ENSG00000206898	2	10296047	10296180	-
SNORA80B	2	10446714	10446849	-
SNORD18	2	12030303	12030372	-
ENSG00000238371	2	15903669	15903772	+
ENSG00000251704	2	16199203	16199295	+
ENSG00000212455	2	18040606	18040733	-
SNORD14	2	24969388	24969477	-
ENSG00000206731	2	27642043	27642169	-
SNORD92	2	28913664	28913748	+
SNORD53	2	28927067	28927144	+
SNORD53B	2	28927983	28928060	+
SNORA10B	2	30187434	30187566	+
ENSG00000252473	2	39283657	39283791	-
ENSG00000221300	2	42440377	42440436	+
SNORA75	2	49888868	49888986	-
ENSG00000212175	2	55565703	55565850	+
ENSG00000212168	2	57544535	57544599	+
SNORA70B	2	61417244	61417378	-
ENSG00000251775	2	63883249	63883391	-
SNORA74	2	65158662	65158860	+
SNORA36C	2	69520043	69520174	-
ENSG00000212378	2	72760534	72760602	+
ENSG00000238410	2	75489576	75489710	+
U3	2	75627950	75628168	+
SNORD94	2	86135870	86136006	+
U8	2	86347062	86347195	-
ENSG00000251974	2	86364136	86364265	+
SNORD89	2	101272936	101273049	-
SNORA72	2	104733234	104733362	+
U3	2	114005440	114005655	-
SNORA40B	2	135136628	135136755	+
SNORA72	2	139511424	139511555	+
ENSG00000212181	2	148260574	148260708	-
ENSG00000200377	2	153446813	153446883	-
ENSG00000238570	2	161558544	161558646	+
SNORA70F	2	164687643	164687777	-
ENSG00000206961	2	169727872	169728003	+
ENSG00000239041	2	172691299	172691402	+
ENSG00000238295	2	177345858	177345961	-
ENSG00000280636	2	179934401	179934538	-
ENSG00000202216	2	179934402	179934527	-
ENSG00000221498	2	183064235	183064346	-
U8	2	185661774	185661906	+
ENSG00000252517	2	194664107	194664174	-
ENSG00000202434	2	197404718	197404854	+
SNORD70	2	202276431	202276518	+
SNORD70B	2	202278108	202278192	+
SNORD11B	2	202291332	202291421	+
SNORD11	2	202293051	202293134	+
ENSG00000202059	2	203052285	203052418	-
snoZ196	2	206161841	206161929	+
SNORD51	2	206161878	206161957	+
SNORA41	2	206162228	206162359	+
SNORA70I	2	214846947	214847081	+
ENSG00000212391	2	226968989	226969122	-
ENSG00000272237	2	227887631	227887744	+
SNORA75	2	231455800	231455936	-
SNORD20	2	231456444	231456523	-
SNORD82	2	231460371	231460440	-
SNORD39	2	237869904	237869982	+
U3	2	240289216	240289443	+
ENSG00000253049	3	3102913	3103015	+
ENSG00000281863	3	8931495	8931632	+
ENSG00000199815	3	8931506	8931631	+
SNORA7A	3	12840312	12840450	-
ENSG00000272166	3	25555543	25555606	-
ENSG00000199927	3	30304320	30304536	-
U3	3	30304321	30304536	-
ENSG00000201701	3	32037526	32037653	+
SNORA6	3	39408389	39408539	+
SNORA62	3	39411054	39411206	+
ENSG00000202517	3	40238608	40238741	+
U8	3	41899111	41899253	-
U3	3	45255409	45255620	-
ENSG00000251967	3	46650510	46650590	+
SNORD13P3	3	47250523	47250626	-
ENSG00000280904	3	52688882	52688961	+
ENSG00000252787	3	52688890	52688962	+
SNORD19	3	52689248	52689315	+
SNORD19B	3	52690744	52690827	+
SNORD19C	3	52691378	52691453	+
SNORD69	3	52692736	52692812	+
SNORD38C	3	53333060	53333128	-
ENSG00000212608	3	53387713	53387836	-
SNORD63	3	53530322	53530401	-
U3	3	60856389	60856605	-
U3	3	64071807	64072019	-
ENSG00000201410	3	86125216	86125287	+
U3	3	90030284	90030495	+
ENSG00000252989	3	100646121	100646197	+
SNORA70	3	108574565	108574698	+
U3	3	109018909	109019116	-
ENSG00000207002	3	123814077	123814207	+
ENSG00000207130	3	128714571	128714705	-
SNORA7B	3	129397210	129397348	-
SNORA58	3	131479097	131479233	-
ENSG00000201827	3	133551186	133551315	+
U8	3	154007367	154007502	-
ENSG00000271922	3	154329716	154329819	+
SNORA72	3	160696929	160697060	+
SNORA72	3	172771277	172771405	-
ENSG00000200288	3	177624282	177624409	-
ENSG00000201957	3	179169083	179169210	-
ENSG00000239096	3	179614775	179614878	-
U8	3	180542701	180542836	+
SNORA63D	3	183451857	183451988	+
ENSG00000253092	3	183452567	183452764	+
SNORA63E	3	183453814	183453944	+
ENSG00000251730	3	183454128	183454262	+
SNORD66	3	184325696	184325771	+
SNORD2	3	186784796	186784864	+
SNORA63B	3	186786323	186786445	+
SNORA81	3	186786675	186786852	+
SNORA63	3	186787300	186787431	+
SNORA4	3	186787612	186787749	+
ENSG00000239093	3	187423315	187423419	+
ENSG00000238902	3	192534009	192534112	-
ENSG00000212458	4	1118884	1119013	+
SNORA63	4	14690710	14690832	+
SNORA75B	4	17320746	17320882	-
ENSG00000200999	4	26702309	26702388	+
ENSG00000238694	4	34966241	34966344	-
ENSG00000201863	4	40082983	40083106	+
SNORA26	4	52713249	52713370	+
ENSG00000212490	4	52748137	52748259	+
SNORA62	4	67747236	67747386	+
ENSG00000221639	4	73263960	73264084	+
ENSG00000199857	4	76402076	76402146	+
ENSG00000221711	4	77702746	77702803	-
SNORA75	4	79843102	79843228	+
ENSG00000252762	4	81928313	81928439	+
SNORD42	4	82402638	82402706	-
ENSG00000252136	4	105105987	105106094	+
ENSG00000199894	4	110433109	110433188	-
SNORA24	4	118279190	118279320	+
ENSG00000221245	4	119569699	119569825	+
SNORA70	4	131768140	131768249	+
ENSG00000239005	4	139436368	139436494	-
SNORD73B	4	151102057	151102128	+
SNORD73A	4	151103827	151103891	+
U3	4	158700691	158700909	+
SNORD39	4	158909373	158909450	-
ENSG00000207171	4	168471409	168471539	+
ENSG00000201516	4	176098163	176098285	+
ENSG00000212191	4	178685886	178685956	-
SNORD79	4	184431966	184432049	+
ENSG00000253013	4	186130021	186130155	+
SNORD123	5	9548836	9548905	+
U8	5	15110786	15110920	-
SNORD81	5	18236123	18236196	+
ENSG00000252083	5	23972188	23972294	-
SNORD29	5	24811481	24811548	+
ENSG00000252601	5	29070496	29070610	+
U3	5	35429064	35429277	+
SNORA63	5	40654963	40655094	+
ENSG00000212567	5	40790077	40790204	-
SNORD72	5	40832656	40832735	-
ENSG00000238326	5	56000518	56000621	-
ENSG00000252904	5	65961183	65961319	-
U8	5	68873954	68874087	+
ENSG00000220986	5	69160806	69160939	+
SNORA50D	5	69160808	69160939	+
ENSG00000212363	5	74882656	74882783	-
SNORA47	5	77080434	77080571	-
ENSG00000206592	5	79220942	79221073	+
ENSG00000251828	5	80306235	80306368	-
SCARNA18	5	83064204	83064337	-
SNORA70	5	88382772	88382907	+
ENSG00000252337	5	106546665	106546803	+
ENSG00000207177	5	110684794	110684927	-
SNORA13	5	112161485	112161617	+
ENSG00000253067	5	132080066	132080133	+
SNORD63B	5	138558970	138559039	-
SNORD63	5	138561043	138561110	-
ENSG00000238745	5	138623479	138623582	+
SNORA74D	5	139276180	139276320	+
SNORA74A	5	139278781	139278978	+
ENSG00000200051	5	140527352	140527428	-
ENSG00000200235	5	140579667	140579792	+
U3	5	149695748	149695959	-
ENSG00000252458	5	159230194	159230322	+
ENSG00000253065	5	168033091	168033205	-
SNORA70J	5	171366118	171366252	+
ENSG00000212529	5	172252334	172252478	-
SNORA74B	5	173020728	173020928	+
SNORD96A	5	181241814	181241892	-
SNORD95	5	181243312	181243379	-
ENSG00000207419	6	11709819	11709960	+
ENSG00000251830	6	24166273	24166374	+
U3	6	28015568	28015777	+
SNORD32B	6	29582249	29582332	+
ENSG00000252228	6	30132805	30132966	-
SNORD117	6	31536374	31536449	-
SNORD84	6	31541101	31541178	-
SNORA38	6	31623079	31623210	+
SNORD48	6	31835263	31835326	+
SNORD52	6	31837076	31837142	+
ENSG00000212579	6	35651818	35651945	+
ENSG00000200706	6	38207274	38207345	+
ENSG00000212586	6	38822307	38822404	-
ENSG00000206977	6	41832854	41832993	+
ENSG00000212532	6	51464690	51464765	+
ENSG00000212229	6	67210408	67210480	-
U3	6	71126893	71127105	-
U3	6	75398860	75399067	-
SNORA70	6	81764024	81764156	+
SNORD50B	6	85677589	85677658	-
ENSG00000238628	6	87720915	87721018	+
SNORA73	6	88714242	88714430	-
U3	6	92119423	92119633	+
U3	6	92790453	92790665	+
ENSG00000252249	6	93879106	93879229	+
ENSG00000202283	6	103583135	103583268	+
SNORA73	6	107985659	107985773	-
SNORA40C	6	110848546	110848673	+
SNORD101	6	132815307	132815379	+
SNORD100	6	132816802	132816877	+
SNORA33	6	132817219	132817348	+
ENSG00000201807	6	136855698	136855831	-
ENSG00000202343	6	149594625	149594759	+
ENSG00000238594	6	150164584	150164686	+
U8	6	154905076	154905206	-
SNORD28B	6	156378750	156378824	+
SNORA20	6	159780250	159780381	-
SNORA29	6	159785594	159785733	-
ENSG00000276643	6	166099853	166099924	+
SNORA80D	7	6016877	6017011	+
U3	7	10222797	10223011	+
ENSG00000199470	7	12700758	12700889	-
SNORA63	7	17373201	17373326	-
ENSG00000200753	7	20377331	20377401	+
SNORD93	7	22856613	22856686	+
SNORD65C	7	23396446	23396516	+
U3	7	25264656	25264882	+
ENSG00000238906	7	29912528	29912632	+
ENSG00000251999	7	32791814	32791946	+
ENSG00000251802	7	34892417	34892549	+
ENSG00000200113	7	37419628	37419767	+
SNORA20B	7	39329003	39329134	-
SNORA9	7	44985378	44985510	-
SNORA5A	7	45104349	45104482	-
SNORA5C	7	45104906	45105042	-
SNORA5B	7	45105968	45106099	-
ENSG00000201133	7	50935350	50935493	-
ENSG00000253028	7	52269437	52269569	-
SNORA22B	7	56055365	56055502	+
SNORA15	7	56060470	56060602	+
ENSG00000199231	7	63175940	63176019	-
SNORA22C	7	65065999	65066132	+
SNORA15B-1	7	65070538	65070672	+
SNORA22	7	65755526	65755659	+
SNORA15B-2	7	65760052	65760186	+
SNORA14A	7	75943782	75943916	+
ENSG00000207094	7	88449092	88449231	-
ENSG00000222966	7	99952033	99952158	+
ENSG00000252824	7	102194076	102194164	-
ENSG00000238832	7	107603363	107603507	+
U3	7	107999791	107999982	-
SNORA25B	7	115581315	115581442	-
ENSG00000201009	7	132753023	132753126	+
SNORD81	7	137287687	137287762	+
ENSG00000201465	7	138187998	138188129	-
ENSG00000252188	7	138625060	138625179	-
U3	7	148389645	148389859	+
ENSG00000212590	7	152609313	152609434	+
SNORA70	8	5128279	5128412	-
SNORA70	8	8961575	8961708	+
SNORA62	8	18979619	18979772	+
ENSG00000207027	8	23806229	23806377	-
SNORD13	8	33513475	33513578	+
SNORA70	8	33540040	33540137	+
SNORD38D	8	39018615	39018683	-
SNORD65B	8	41426655	41426727	+
ENSG00000238966	8	42043504	42043575	-
U3	8	43378297	43378510	+
ENSG00000201316	8	51015021	51015165	+
RNU105C	8	54330687	54330895	+
SNORA1B	8	55902723	55902855	-
SNORD54	8	56073835	56073901	-
ENSG00000221093	8	56121242	56121352	-
ENSG00000206853	8	59137372	59137502	-
SNORD87	8	66922467	66922555	-
U8	8	71815494	71815625	-
ENSG00000206649	8	80316939	80317069	-
SNORD3H	8	97358265	97358478	+
SNORA72	8	98042086	98042217	-
SNORD77B	8	100004583	100004649	+
ENSG00000238372	8	101847256	101847360	-
ENSG00000252852	8	117313528	117313661	+
ENSG00000206776	8	119388348	119388469	+
ENSG00000238901	8	122671291	122671394	+
U3	8	123180310	123180525	-
ENSG00000200075	8	129868590	129868716	-
ENSG00000212342	8	130162972	130163127	+
SNORA72	8	131432776	131432869	-
ENSG00000212273	8	133644598	133644725	-
ENSG00000251744	8	139108430	139108534	+
ENSG00000238854	8	141447475	141447549	+
SNORA30B	9	20786927	20787055	+
SNORD39	9	21524307	21524382	-
ENSG00000252580	9	26796173	26796304	-
SNORD121B	9	33934296	33934376	-
SNORD121A	9	33952769	33952850	-
U8	9	38147428	38147561	+
SNORA70	9	39892446	39892540	+
SNORA70	9	41573512	41573606	-
SNORA70	9	62358191	62358285	-
SNORA70	9	67797087	67797181	+
ENSG00000200969	9	81888918	81888985	+
ENSG00000212421	9	87260450	87260585	+
SNORA84	9	92292461	92292593	-
ENSG00000253041	9	101322477	101322533	+
SNORA70C	9	117181066	117181200	-
SNORD90	9	122880213	122880323	-
SNORD116	9	126426893	126426970	+
SNORA65	9	127448501	127448630	-
ENSG00000252582	9	131021168	131021306	-
SNORD62A	9	131485665	131485750	+
SNORD62B	9	131490486	131490571	+
ENSG00000212395	9	131782860	131782958	-
SNORD24	9	133349396	133349470	+
SNORD36B	9	133350095	133350168	+
SNORD36A	9	133350456	133350528	+
SNORD36C	9	133350847	133350912	+
SNORA17B	9	136726104	136726239	-
SNORA17B	9	136726105	136726234	-
SNORA17A	9	136726747	136726879	-
ENSG00000281808	9	136726748	136726879	-
SNORD62	9	137094345	137094430	+
U8	10	4962436	4962568	-
U8	10	5004710	5004842	+
U8	10	5093408	5093543	-
ENSG00000251922	10	6017054	6017194	-
ENSG00000252438	10	12415928	12416000	+
ENSG00000252537	10	16005808	16005923	+
U3	10	19598247	19598463	+
ENSG00000252049	10	23166985	23167101	+
ENSG00000223027	10	26789017	26789157	+
U3	10	28408039	28408251	-
SNORD115	10	29575306	29575381	+
ENSG00000274458	10	36438661	36438788	+
SNORD3J	10	43417249	43417438	-
SNORA74C-1	10	45984610	45984810	+
SNORA74C-2	10	49954214	49954414	+
ENSG00000238707	10	56595963	56596031	-
SNORD98	10	68755172	68755238	+
ENSG00000200294	10	72180858	72180989	+
SNORA11F	10	73126080	73126207	-
ENSG00000252888	10	76835377	76835502	-
SNORA71	10	78367507	78367623	+
ENSG00000200891	10	87994618	87994695	-
ENSG00000252993	10	92076242	92076365	+
SNORA12	10	100237156	100237302	-
ENSG00000212589	10	113820459	113820590	+
SNORA19	10	119060011	119060138	-
ENSG00000222588	10	119060983	119061111	-
ENSG00000199321	10	126779702	126779774	-
SNORA52	11	811681	811814	+
SNORA54	11	2963771	2963893	-
ENSG00000206976	11	3922567	3922703	+
SNORA62	11	4756645	4756797	+
SNORA3A	11	8684227	8684356	+
SNORA3B	11	8685439	8685569	+
SNORA23	11	9428773	9428954	+
ENSG00000238387	11	9578028	9578131	+
SNORD97	11	10801467	10801608	-
ENSG00000253072	11	15481808	15481893	-
SNORD14A	11	17074654	17074744	-
SNORD14B	11	17075779	17075868	-
ENSG00000207407	11	19591156	19591291	-
U3	11	32081764	32081973	+
ENSG00000251838	11	37702125	37702220	-
ENSG00000252427	11	46758766	46758873	-
SNORD67	11	46762389	46762499	-
SNORA57	11	62665422	62665570	+
SNORD22	11	62852910	62853035	-
SNORD30	11	62853663	62853732	-
SNORD22	11	62854161	62854285	-
SNORD28	11	62854621	62854695	-
SNORD27	11	62855012	62855083	-
SNORD26	11	62855292	62855366	-
SNORD25	11	62855564	62855632	-
ENSG00000201733	11	66432763	66432902	+
ENSG00000206913	11	74252414	74252552	-
SNORD15A	11	75400391	75400538	+
SNORD15B	11	75404421	75404566	+
SNORA70E	11	83041464	83041598	-
ENSG00000207299	11	90118391	90118461	+
ENSG00000275146	11	93721542	93721621	+
ENSG00000273885	11	93721797	93721866	+
SNORA25	11	93730513	93730646	-
SNORA32	11	93730979	93731099	-
SNORD6	11	93731502	93731574	-
SNORA1	11	93732004	93732133	-
SNORA8	11	93732361	93732499	-
SNORD5	11	93733228	93733300	-
SNORA18	11	93733466	93733597	-
SNORA40	11	93735111	93735236	-
SNORD39	11	109263494	109263564	-
ENSG00000212397	11	112602354	112602452	-
ENSG00000238724	11	114527129	114527232	+
ENSG00000252870	11	115128218	115128373	-
ENSG00000239153	11	115627082	115627185	-
ENSG00000252119	11	119323293	119323409	-
ENSG00000239079	11	122726208	122726311	-
SNORD14E	11	123058077	123058161	-
SNORD14D	11	123058909	123058995	-
SNORD14C	11	123059335	123059422	-
U8	11	123301390	123301523	+
SCARNA10	12	6510222	6510551	+
SCARNA12	12	6967337	6967606	-
SNORA75	12	9286673	9286822	-
SNORA75	12	9445058	9445205	+
ENSG00000221611	12	12972053	12972143	+
SNORA75	12	31076867	31077016	-
ENSG00000252204	12	31811088	31811190	+
ENSG00000199571	12	39819750	39819883	-
SNORA74	12	42347061	42347214	-
ENSG00000199566	12	47346166	47346297	-
SNORA2C	12	48654382	48654518	-
SNORA2A	12	48656648	48656782	-
SNORA2B	12	48667457	48667593	-
SNORD59A	12	56645027	56645101	-
ENSG00000212383	12	56861375	56861508	+
ENSG00000251822	12	60363822	60363935	+
ENSG00000238440	12	64355762	64355865	-
SNORD83	12	64575665	64575741	+
SNORA70G	12	68627234	68627375	-
ENSG00000212461	12	71639355	71639483	+
U8	12	73764279	73764413	-
SNORA70	12	75689152	75689304	-
ENSG00000221148	12	84183324	84183448	-
ENSG00000201502	12	93266017	93266096	+
ENSG00000251844	12	97552137	97552228	-
SNORA53	12	98599635	98599883	+
U8	12	103592112	103592243	+
ENSG00000200897	12	107374747	107374827	+
ENSG00000273499	12	108778144	108778271	-
ENSG00000202335	12	110496352	110496421	-
ENSG00000252459	12	114737704	114737798	+
ENSG00000200112	12	115852648	115852718	-
ENSG00000201042	12	118888434	118888564	-
SNORA70	12	121107043	121107174	+
ENSG00000252192	12	122492113	122492241	-
SNORA9B	12	123616708	123616840	+
SNORA49	12	132031224	132031359	+
SNORD27	13	21139886	21139957	-
SNORD36	13	22803145	22803224	+
SNORD102	13	27255064	27255135	+
SNORA27	13	27255401	27255526	+
ENSG00000212293	13	32420390	32420516	-
ENSG00000199196	13	34100711	34100838	-
SNORD116	13	39857135	39857227	-
SNORA31B	13	45336314	45336447	-
SNORA31	13	45337480	45337609	-
ENSG00000212377	13	72453902	72453967	-
ENSG00000251715	13	72460519	72460601	-
ENSG00000199282	13	72586680	72586810	+
ENSG00000200733	13	89837170	89837237	+
ENSG00000201245	13	99783857	99783983	-
ENSG00000252550	13	105897523	105897643	-
SNORD31B	13	107320895	107320963	-
ENSG00000200072	13	112052078	112052138	+
SNORA79B	14	20323179	20323326	-
SNORD126	14	20326450	20326526	-
SNORD9	14	21392150	21392253	-
SNORD8	14	21397292	21397401	-
ENSG00000212302	14	22756761	22756829	-
ENSG00000212270	14	25806648	25806712	-
ENSG00000253059	14	35756327	35756463	+
ENSG00000200385	14	37720425	37720561	+
ENSG00000251858	14	41594463	41594591	+
SNORD58	14	45088243	45088308	+
SNORD127	14	45110883	45110968	+
ENSG00000251735	14	46960423	46960546	+
ENSG00000252945	14	50844625	50844712	+
SNORA70	14	51244090	51244224	+
U3	14	63651296	63651499	-
ENSG00000221060	14	69804203	69804331	-
SNORD56B	14	71398337	71398407	+
ENSG00000222604	14	74711936	74712045	+
ENSG00000201384	14	77201026	77201140	-
ENSG00000212371	14	77466284	77466436	+
SNORA79	14	81202695	81202834	-
SNORA11B	14	91126425	91126553	+
U3	14	91714915	91715130	-
SNORD112	14	100897920	100897996	+
SNORD113-1	14	100924824	100924892	+
SNORD113-2	14	100927342	100927413	+
SNORD113-3	14	100929919	100929990	+
SNORD113-4	14	100936491	100936565	+
SNORD113-5	14	100938187	100938264	+
SNORD113-6	14	100939556	100939630	+
SNORD113-7	14	100941126	100941202	+
SNORD113-8	14	100943451	100943524	+
SNORD113-9	14	100945649	100945720	+
SNORD114-1	14	100949833	100949904	+
SNORD114-2	14	100951856	100951933	+
SNORD114-3	14	100953349	100953423	+
SNORD114-4	14	100954374	100954448	+
SNORD114-5	14	100955370	100955439	+
ENSG00000200150	14	100956240	100956312	+
SNORD114-6	14	100957166	100957237	+
SNORD114-7	14	100963054	100963130	+
SNORD114-9	14	100966029	100966100	+
SNORD114-10	14	100967052	100967123	+
SNORD114-11	14	100968111	100968185	+
SNORD114-12	14	100968948	100969022	+
SNORD114-13	14	100969879	100969952	+
SNORD114-14	14	100972103	100972177	+
SNORD114-15	14	100972670	100972741	+
SNORD114-16	14	100973595	100973664	+
SNORD114-17	14	100974806	100974880	+
SNORD114-18	14	100975825	100975896	+
SNORD114-19	14	100976477	100976551	+
ENSG00000201500	14	100977389	100977466	+
ENSG00000201036	14	100979002	100979090	+
ENSG00000201710	14	100979992	100980066	+
SNORD114-20	14	100981004	100981075	+
SNORD114-21	14	100981975	100982046	+
SNORD114-22	14	100982926	100982997	+
SNORD114-23	14	100983876	100983947	+
SNORD114-24	14	100984777	100984848	+
SNORD114-25	14	100986057	100986128	+
SNORD114-26	14	100987046	100987117	+
SNORD114-27	14	100988161	100988230	+
SNORD114-28	14	100989130	100989201	+
SNORD114-29	14	100990091	100990160	+
SNORD114-30	14	100991919	100991990	+
SNORD114-31	14	100993236	100993310	+
ENSG00000222095	14	100994257	100994330	+
ENSG00000222185	14	100998467	100998541	+
U3	14	101145480	101145695	-
SNORA28	14	103337849	103337974	+
ENSG00000202275	14	103797272	103797348	-
SNORD107	15	24981994	24982068	+
SNORD64	15	24985100	24985166	+
SNORD108	15	24986925	24986995	+
SNORD109A	15	25041974	25042040	+
SNORD116-1	15	25051477	25051571	+
SNORD116-2	15	25054210	25054304	+
SNORD116-3	15	25056860	25056954	+
SNORD116-4	15	25059538	25059633	+
SNORD116-5	15	25062333	25062427	+
SNORD116-6	15	25065026	25065121	+
SNORD116-7	15	25067788	25067882	+
SNORD116-8	15	25070432	25070526	+
SNORD116-9	15	25073107	25073201	+
SNORD116-10	15	25074114	25074215	+
SNORD116-11	15	25075929	25076020	+
SNORD116-12	15	25077051	25077142	+
SNORD116-13	15	25079058	25079149	+
SNORD116-14	15	25080142	25080233	+
SNORD116-15	15	25081287	25081378	+
SNORD116-16	15	25082768	25082859	+
SNORD116-17	15	25083588	25083679	+
SNORD116-18	15	25085385	25085476	+
SNORD116-19	15	25086527	25086618	+
SNORD116-20	15	25087662	25087753	+
SNORD116-21	15	25088804	25088895	+
SNORD116-22	15	25089923	25090014	+
SNORD116-23	15	25091786	25091877	+
SNORD116-24	15	25094037	25094128	+
SNORD116-25	15	25097663	25097754	+
SNORD116-26	15	25099499	25099594	+
SNORD116-27	15	25101575	25101666	+
SNORD116-28	15	25104642	25104732	+
SNORD116-29	15	25106521	25106603	+
SNORD116-30	15	25108268	25108352	+
SNORD115	15	25159221	25159279	+
SNORD115-1	15	25170723	25170804	+
SNORD115-2	15	25172635	25172716	+
SNORD115-3	15	25174927	25175008	+
SNORD115-4	15	25176832	25176913	+
SNORD115-5	15	25178738	25178819	+
SNORD115-6	15	25180497	25180578	+
SNORD115-7	15	25182385	25182466	+
SNORD115-8	15	25184306	25184387	+
SNORD115-9	15	25185631	25185712	+
SNORD115-10	15	25187536	25187616	+
SNORD115-11	15	25189414	25189495	+
SNORD115-12	15	25191416	25191497	+
SNORD115-13	15	25193321	25193402	+
SNORD115-14	15	25194921	25195001	+
SNORD115-15	15	25197576	25197656	+
SNORD115-16	15	25199448	25199529	+
SNORD115-17	15	25201323	25201404	+
SNORD115-18	15	25203227	25203308	+
SNORD115-19	15	25204357	25204438	+
SNORD115-20	15	25206262	25206343	+
SNORD115-21	15	25208083	25208163	+
SNORD115-22	15	25209918	25209999	+
SNORD115-23	15	25211796	25211877	+
SNORD115-24	15	25213648	25213729	+
SNORD115-25	15	25215541	25215622	+
SNORD115-26	15	25218617	25218698	+
SNORD115-27	15	25220497	25220578	+
SNORD115-28	15	25222348	25222428	+
SNORD115-29	15	25223246	25223327	+
SNORD115-30	15	25225203	25225284	+
SNORD115-31	15	25227109	25227190	+
SNORD115-32	15	25228967	25229048	+
SNORD115-33	15	25230838	25230919	+
SNORD115-34	15	25232387	25232468	+
SNORD115-35	15	25234247	25234328	+
SNORD115-36	15	25236085	25236166	+
SNORD115-37	15	25237986	25238067	+
SNORD115-38	15	25239838	25239919	+
SNORD115-39	15	25241746	25241827	+
SNORD115-40	15	25243614	25243695	+
SNORD115-41	15	25245478	25245559	+
SNORD115-42	15	25247345	25247426	+
SNORD115-43	15	25249198	25249279	+
SNORD115-44	15	25250859	25250940	+
SNORD115-45	15	25264510	25264590	+
SNORD115-46	15	25266591	25266661	+
SNORD115-47	15	25268466	25268551	+
SNORD115-48	15	25269783	25269858	+
SNORD109B	15	25278343	25278409	+
ENSG00000212604	15	26008940	26009074	-
ENSG00000252868	15	29233868	29233979	+
U8	15	30112198	30112330	+
U8	15	30384959	30385091	-
U8	15	30581184	30581316	+
ENSG00000206849	15	31928303	31928434	+
U8	15	32426288	32426420	-
ENSG00000212415	15	32970727	32970791	+
ENSG00000252425	15	34597458	34597558	-
U3	15	36852640	36852859	+
ENSG00000261709	15	45214906	45215033	-
SNORA41B	15	45537250	45537377	+
ENSG00000238819	15	46351662	46351746	-
SNORD13D	15	57278570	57278673	-
SNORD3P1	15	58760466	58760681	-
ENSG00000252774	15	64342539	64342698	+
SNORA24B	15	65285461	65285591	-
SNORD13E	15	65696833	65696936	-
SNORD18C	15	66501250	66501318	-
ENSG00000280554	15	66502019	66502089	-
SNORD18B	15	66502020	66502091	-
SNORD16	15	66502812	66502910	-
SNORD18A	15	66503243	66503314	-
U3	15	69457941	69458149	-
ENSG00000212279	15	74490959	74491028	-
SNORA63	15	78091172	78091297	-
ENSG00000200991	15	84852498	84852615	-
ENSG00000200206	15	86173198	86173270	-
SNORD18	15	90755243	90755312	-
ENSG00000239197	15	92417547	92417689	+
SNORA10	16	1962334	1962466	-
SNORA64	16	1962973	1963106	-
SNORA78	16	1965184	1965310	+
SNORD60	16	2155023	2155105	-
ENSG00000281010	16	2155025	2155104	-
SNORA3C	16	2796408	2796532	-
ENSG00000283584	16	7431217	7431296	+
ENSG00000252138	16	7726841	7726951	-
ENSG00000212228	16	11274113	11274236	-
ENSG00000238685	16	12297197	12297323	-
ENSG00000199474	16	12842487	12842610	-
SNORA75	16	23441841	23441921	+
ENSG00000201541	16	24333415	24333547	-
ENSG00000200652	16	28179098	28179223	+
ENSG00000252461	16	28881480	28881607	-
SNORA80C	16	30419625	30419759	-
SNORA30	16	30710537	30710665	+
SNORA70	16	50151642	50151731	-
ENSG00000238645	16	53334562	53334664	+
SNORA46	16	58548499	58548633	-
SNORA50A	16	58559796	58559929	-
SNORA50A	16	58559796	58559931	-
ENSG00000212445	16	68189287	68189421	+
ENSG00000252040	16	68630223	68630354	-
ENSG00000252640	16	68630851	68630968	-
SNORA62	16	69785994	69786113	-
SNORD111B	16	70529509	70529588	+
SNORD111	16	70538005	70538098	+
SNORA70D	16	71698567	71698701	-
SNORD71	16	71758402	71758487	-
ENSG00000252122	16	75409332	75409466	-
SNORD33	16	76469508	76469595	-
SNORD68	16	89561434	89561517	+
SNORD91B	17	2329016	2329237	-
SNORD91A	17	2330180	2330370	-
SNORA48	17	7574713	7574847	+
SNORD10	17	7576811	7576952	+
SNORA67	17	7577955	7578091	+
SNORD118	17	8173452	8173588	-
ENSG00000212206	17	8329583	8329719	+
SNORA74	17	14177131	14177310	+
SNORA74	17	15574019	15574198	+
SNORD49B	17	16439505	16439576	+
SNORD49A	17	16440036	16440106	+
SNORD65	17	16441226	16441298	+
ENSG00000212618	17	18943999	18944073	+
SNORD3B-1	17	19061912	19062669	+
SNORD3B-2	17	19063346	19064136	-
SNORD3D	17	19112419	19112636	-
SNORD3D	17	19112420	19112636	-
SNORD3A	17	19188016	19188714	+
SNORD3C	17	19189665	19190245	-
ENSG00000283675	17	19420279	19420342	+
SNORA59B	17	19557211	19557911	+
ENSG00000252349	17	19662000	19662090	+
SNORA70	17	28022330	28022464	-
SNORD42B	17	28720550	28720616	+
SNORD4A	17	28722582	28722653	+
SNORD42A	17	28723429	28723492	+
SNORD4B	17	28723682	28723753	+
SNORA70	17	29777619	29777744	+
ENSG00000239129	17	29883006	29883109	+
SNORD63	17	30246757	30246820	-
SNORD7	17	35573657	35573753	+
SNORA21B	17	38851524	38851659	-
SNORA21	17	38852863	38852994	-
SNORD124	17	40027542	40027645	-
ENSG00000212149	17	42940575	42940702	-
U3	17	44025020	44025223	-
U3	17	44303965	44304203	+
U3	17	48382371	48382586	-
ENSG00000212565	17	48880840	48880967	+
ENSG00000238804	17	48956650	48956753	-
U3	17	58631641	58631836	-
SNORD104	17	64146083	64146152	+
ENSG00000281311	17	64146337	64146471	+
SNORA50C	17	64146339	64146471	+
ENSG00000207410	17	67271469	67271607	+
SNORA38B	17	67740669	67740799	+
ENSG00000252352	17	69355133	69355218	-
SNORD1C	17	76558791	76558868	+
SNORD1B	17	76561109	76561192	+
SNORD1A	17	76561634	76561705	+
ENSG00000200063	17	78399935	78400063	+
ENSG00000238575	18	2555358	2555492	+
SNORA70	18	3025434	3025566	-
ENSG00000212626	18	7301020	7301153	-
U3	18	7995570	7995785	+
ENSG00000221139	18	21450653	21450756	-
ENSG00000252677	18	21711950	21712119	-
SNORA73	18	21817624	21817828	+
U3	18	26689316	26689529	-
SNORD58C	18	49489245	49489308	-
SNORD58A	18	49491283	49491347	-
SNORD58B	18	49491664	49491729	-
SNORA37	18	54222284	54222412	-
SNORA73	18	56079394	56079594	-
U3	18	56957270	56957469	+
SNORA108	18	58600631	58600698	+
U8	18	58818883	58819016	-
ENSG00000199392	18	77431563	77431689	-
ENSG00000252408	19	3521248	3521320	-
SNORD37	19	3982507	3982572	-
SNORA70	19	9819954	9820094	+
SNORD105	19	10107651	10107735	+
SNORD105B	19	10109757	10109835	+
SNORD41	19	12706449	12706518	-
SNORA68	19	17862588	17862720	+
SNORA68B	19	32608337	32608469	-
ENSG00000252230	19	34637696	34637781	-
ENSG00000252200	19	44725984	44726058	-
SNORA70	19	44764950	44765100	+
SNORD23	19	47755853	47755962	+
SNORD32A	19	49489965	49490048	+
SNORD33	19	49490615	49490699	+
SNORD34	19	49490904	49490974	+
SNORD35A	19	49491175	49491260	+
SNORD35B	19	49497720	49497806	+
U3	19	49949316	49949527	-
SNORD88B	19	50799032	50799122	-
SNORD88A	19	50799442	50799532	-
SNORD88C	19	50802328	50802418	-
ENSG00000239137	19	55167171	55167274	+
SNORD110	20	2654212	2654286	+
SNORA51	20	2655067	2655198	+
SNORD86	20	2656097	2656182	+
SNORD56	20	2656624	2656694	+
SNORD57	20	2656939	2657010	+
U3	20	3384229	3384440	+
ENSG00000252096	20	4868984	4869118	+
ENSG00000212517	20	5121417	5121539	-
RNU105B	20	8831186	8831393	+
U3	20	16982831	16983033	-
SNORD17	20	17962710	17962946	-
ENSG00000212134	20	31376319	31376446	+
ENSG00000201151	20	35117136	35117207	-
SNORA71	20	38421647	38421774	-
SNORA71B	20	38425083	38425354	-
SNORA71A	20	38427309	38427442	-
SNORA71C	20	38429670	38429803	-
SNORA71D	20	38433865	38433998	-
SNORA71	20	38442036	38442169	+
SNORA71E	20	38448084	38448215	+
SNORA60	20	38449370	38449503	+
ENSG00000212224	20	41712479	41712600	-
SNORD12C	20	49278940	49279028	+
SNORD12B	20	49280319	49280409	+
SNORD12	20	49280683	49280772	+
SNORA70	21	9907916	9908010	+
SNORD74B	21	16284696	16284768	-
U3	21	29180425	29180639	-
ENSG00000238390	21	31664306	31664482	+
SNORA80A	21	32377187	32377322	-
ENSG00000252045	21	32538299	32538434	+
SNORA70	21	32841861	32841995	-
ENSG00000221398	21	34456110	34456237	-
SNORA62	21	38894785	38894867	+
ENSG00000207147	21	40513144	40513279	+
ENSG00000207503	21	41539206	41539326	+
ENSG00000251778	21	41882205	41882300	+
ENSG00000266692	21	44437121	44437175	+
ENSG00000264452	21	44439035	44439110	+
ENSG00000251940	22	19249873	19249966	+
SNORA77B	22	20126402	20126526	+
ENSG00000199783	22	24901147	24901214	-
SNORD42	22	28232756	28232823	-
SNORD125	22	29333163	29333258	-
SNORA50B	22	33704786	33704920	-
ENSG00000281295	22	33704786	33704922	-
SNORD83B	22	39313819	39313911	-
SNORD83A	22	39315213	39315307	-
SNORD43	22	39319050	39319113	-
SNORD13P1	22	42076058	42076161	-
SNORA48B	X	3532117	3532251	-
ENSG00000201660	X	5410122	5410251	+
ENSG00000252291	X	6061644	6061749	-
ENSG00000200620	X	15716208	15716346	+
ENSG00000201467	X	17044380	17044511	-
ENSG00000238764	X	17357930	17358033	+
ENSG00000201882	X	20136066	20136135	-
ENSG00000201592	X	20136306	20136385	-
ENSG00000201407	X	24133186	24133317	+
ENSG00000201666	X	28924069	28924138	+
ENSG00000252050	X	38308112	38308241	-
ENSG00000212347	X	45892912	45892979	-
SNORA11C	X	47388649	47388777	+
SNORA11E	X	52063347	52063474	-
SNORA11D	X	52190621	52190748	+
SNORA11	X	54814370	54814497	+
SNORA11G	X	54927305	54927433	+
U3	X	69692956	69693155	+
ENSG00000277492	X	70846079	70846295	-
SNORD3E	X	70846080	70846295	-
U3	X	72726122	72726337	-
ENSG00000239008	X	80857076	80857202	-
ENSG00000202183	X	82561201	82561347	+
ENSG00000200422	X	87146733	87146804	+
ENSG00000252016	X	88148792	88148918	+
ENSG00000252296	X	100100084	100100172	+
ENSG00000202231	X	100822620	100822752	-
SNORD96B	X	110224985	110225063	-
U3	X	113944186	113944399	-
SNORD30	X	114017033	114017102	+
SNORA35	X	114630797	114630924	+
SNORA35B	X	115126316	115126444	-
ENSG00000252441	X	115545637	115545717	+
ENSG00000239182	X	118738055	118738182	+
SNORA69	X	119787353	119787484	-
U3	X	122840426	122840645	+
ENSG00000252693	X	124197743	124197849	+
ENSG00000252170	X	129518576	129518647	+
ENSG00000207100	X	133152754	133152892	+
ENSG00000239080	X	136134317	136134420	-
SNORD61	X	136879199	136879271	-
ENSG00000238485	X	139702287	139702390	-
ENSG00000252719	X	139909904	139910034	+
SNORA70	X	154400281	154400415	+
SNORA36A	X	154768528	154768659	+
SNORA56	X	154774998	154775126	+
ENSG00000252689	Y	16138248	16138379	-
SNORA70	Y	23423099	23423236	-
SNORA70	Y	26247384	26247521	+
